competition_id,juror_id,item_a,item_b,winner,comparison_created_at,comparison_cost
gg24,builder,openvm-org/stark-backend,Zokrates/ZoKrates,Zokrates/ZoKrates,2025-10-21T17:12:38.090311+00:00,0.0000513
gg24,builder,OpenZeppelin/openzeppelin-relayer,PolyhedraZK/Expander,OpenZeppelin/openzeppelin-relayer,2025-10-21T17:12:38.190973+00:00,0.0000514
gg24,builder,0xPolygonHermez/pil2-proofman,easpulse/easpulse.com,0xPolygonHermez/pil2-proofman,2025-10-21T17:12:38.191584+00:00,0.0000533
gg24,builder,0xFacet/facet-node,witnet/elliptic-curve-solidity,witnet/elliptic-curve-solidity,2025-10-21T17:12:38.192153+00:00,0.0000500
gg24,builder,l2beat/l2beat,pcaversaccio/safe-tx-hashes-util,l2beat/l2beat,2025-10-21T17:12:38.192727+00:00,0.0000558
gg24,builder,growthepie/gtp-frontend,scipr-lab/libsnark,scipr-lab/libsnark,2025-10-21T17:12:38.447629+00:00,0.0000513
gg24,builder,Layr-Labs/devkit-cli,w3f/bls,w3f/bls,2025-10-21T17:12:38.448172+00:00,0.0000516
gg24,builder,0xPolygonHermez/pil2-proofman,ConsenSysDiligence/sol-dbg,ConsenSysDiligence/sol-dbg,2025-10-21T17:12:38.617121+00:00,0.0000521
gg24,builder,anoma/arm-risc0,brevis-network/Pico-zkCoprocessor,anoma/arm-risc0,2025-10-21T17:12:38.617664+00:00,0.0000515
gg24,builder,Layr-Labs/devkit-cli,Pier-Two/Lantern.Discv5,Layr-Labs/devkit-cli,2025-10-21T17:12:38.618188+00:00,0.0000527
gg24,builder,taikoxyz/raiko,wighawag/hardhat-deploy,wighawag/hardhat-deploy,2025-10-21T17:12:38.618708+00:00,0.0000527
gg24,builder,Blobscan/blobscan,herumi/mcl,herumi/mcl,2025-10-21T17:12:38.619230+00:00,0.0000499
gg24,builder,iden3/circomlib,protofire/solhint,protofire/solhint,2025-10-21T17:12:38.620130+00:00,0.0000507
gg24,builder,pcaversaccio/safe-tx-hashes-util,Recon-Fuzz/recon-extension,pcaversaccio/safe-tx-hashes-util,2025-10-21T17:12:38.621947+00:00,0.0000589
gg24,builder,HorizenLabs/poseidon2,orbitdb/orbitdb,orbitdb/orbitdb,2025-10-21T17:12:38.622466+00:00,0.0000493
gg24,builder,boundless-xyz/steel,evmts/guillotine,evmts/guillotine,2025-10-21T17:12:38.623059+00:00,0.0000507
gg24,builder,TobiWo/eth-duties,wealdtech/ethereal,wealdtech/ethereal,2025-10-21T17:12:38.623570+00:00,0.0000496
gg24,builder,dusk-network/Poseidon252,Zokrates/ZoKrates,Zokrates/ZoKrates,2025-10-21T17:12:38.624073+00:00,0.0000522
gg24,builder,keep-starknet-strange/poseidon-rs,Lay3rLabs/WAVS,keep-starknet-strange/poseidon-rs,2025-10-21T17:12:38.624592+00:00,0.0000517
gg24,builder,holiman/goevmlab,powdr-labs/powdr,powdr-labs/powdr,2025-10-21T17:12:38.625105+00:00,0.0000511
gg24,builder,brevis-network/Pico-zkCoprocessor,pawurb/mevlog-rs,pawurb/mevlog-rs,2025-10-21T17:12:38.625637+00:00,0.0000512
gg24,builder,brevis-network/Pico-zkCoprocessor,OpenZeppelin/openzeppelin-relayer,OpenZeppelin/openzeppelin-relayer,2025-10-21T17:12:38.626278+00:00,0.0000509
gg24,builder,lurk-lab/neptune-triton,opensource-observer/oso,lurk-lab/neptune-triton,2025-10-21T17:12:38.626787+00:00,0.0000515
gg24,builder,rollup-fortress/uncensored,Zokrates/ZoKrates,Zokrates/ZoKrates,2025-10-21T17:12:38.627294+00:00,0.0000515
gg24,builder,axiom-crypto/openvm-reth-benchmark,ethereum-attestation-service/eas-contracts,ethereum-attestation-service/eas-contracts,2025-10-21T17:12:38.627807+00:00,0.0000515
gg24,builder,herumi/bls,taikoxyz/raiko,herumi/bls,2025-10-21T17:12:38.628323+00:00,0.0000511
gg24,builder,growthepie/gtp-backend,HorizenLabs/poseidon2,HorizenLabs/poseidon2,2025-10-21T17:12:38.628832+00:00,0.0000503
gg24,builder,0xandee/noir-playground,lambdaclass/ethrex,lambdaclass/ethrex,2025-10-21T17:12:38.629422+00:00,0.0000522
gg24,builder,DefiLlama/DefiLlama-Adapters,shamatar/poseidon_hash,DefiLlama/DefiLlama-Adapters,2025-10-21T17:12:38.629965+00:00,0.0000505
gg24,builder,0xMiden/miden-vm,NethermindEth/sedge,0xMiden/miden-vm,2025-10-21T17:12:38.630477+00:00,0.0000518
gg24,builder,EspressoSystems/jellyfish,ReamLabs/ream,EspressoSystems/jellyfish,2025-10-21T17:12:38.630978+00:00,0.0000507
gg24,builder,herumi/mcl,lighthouse-web3/lighthouse-package,herumi/mcl,2025-10-21T17:12:38.631500+00:00,0.0000505
gg24,builder,enscribexyz/enscribe,Zokrates/ZoKrates,Zokrates/ZoKrates,2025-10-21T17:12:38.631995+00:00,0.0000496
gg24,builder,circuitscan/circuitscan,openintentsframework/oif-contracts,openintentsframework/oif-contracts,2025-10-21T17:12:38.632511+00:00,0.0000512
gg24,builder,skalenetwork/libBLS,TrueBlocks/trueblocks-core,TrueBlocks/trueblocks-core,2025-10-21T17:12:38.633019+00:00,0.0000567
gg24,builder,0xandee/noir-playground,HorizenOfficial/ginger-lib,HorizenOfficial/ginger-lib,2025-10-21T17:12:38.633539+00:00,0.0000520
gg24,builder,kamikazebr/owner-sync-safe,lambdaclass/cairo_native,lambdaclass/cairo_native,2025-10-21T17:12:38.634048+00:00,0.0000519
gg24,builder,flashbots/rbuilder,HorizenOfficial/ginger-lib,flashbots/rbuilder,2025-10-21T17:12:38.634564+00:00,0.0000524
gg24,builder,indutny/elliptic,valida-xyz/valida,indutny/elliptic,2025-10-21T17:12:38.635070+00:00,0.0000511
gg24,builder,Verified-zkEVM/VCV-io,w3f/bls,w3f/bls,2025-10-21T17:12:38.635581+00:00,0.0000513
gg24,builder,Jam516/BundleBear,Plonky3/Plonky3,Plonky3/Plonky3,2025-10-21T17:12:38.636078+00:00,0.0000511
gg24,builder,herumi/mcl,NethermindEth/juno,herumi/mcl,2025-10-21T17:12:38.636589+00:00,0.0000499
gg24,builder,ethereum-attestation-service/eas-contracts,NethermindEth/juno,NethermindEth/juno,2025-10-21T17:12:40.730683+00:00,0.0000515
gg24,builder,DefiLlama/chainlist,Rocket-Rescue-Node/rescue-ui,DefiLlama/chainlist,2025-10-21T17:12:40.731461+00:00,0.0000501
gg24,builder,EOA-Blockchain-Labs/ethereumonarm,simplito/elliptic-php,simplito/elliptic-php,2025-10-21T17:12:40.732157+00:00,0.0000549
gg24,builder,flashbots/mev-boost-relay,iden3/snarkjs,flashbots/mev-boost-relay,2025-10-21T17:12:40.732843+00:00,0.0000519
gg24,builder,iden3/snarkjs,libp2p/libp2p,libp2p/libp2p,2025-10-21T17:12:40.733523+00:00,0.0000518
gg24,builder,lurk-lab/neptune-triton,PolyhedraZK/Expander,PolyhedraZK/Expander,2025-10-21T17:12:40.734195+00:00,0.0000529
gg24,builder,0xandee/noir-playground,Cyfrin/aderyn,Cyfrin/aderyn,2025-10-21T17:12:40.734900+00:00,0.0000514
gg24,builder,succinctlabs/op-succinct,TaceoLabs/co-snarks,succinctlabs/op-succinct,2025-10-21T17:12:40.735626+00:00,0.0000532
gg24,builder,Certora/CertoraProver,ponkila/HomestakerOS,Certora/CertoraProver,2025-10-21T17:12:40.736327+00:00,0.0000539
gg24,builder,taikoxyz/taiko-mono,Verified-zkEVM/VCV-io,taikoxyz/taiko-mono,2025-10-21T17:12:40.737005+00:00,0.0000525
gg24,builder,beaconlabs-io/muse,lambdaclass/lambdaworks,lambdaclass/lambdaworks,2025-10-21T17:12:40.737675+00:00,0.0000531
gg24,builder,DefiLlama/DefiLlama-Adapters,herumi/bls,DefiLlama/DefiLlama-Adapters,2025-10-21T17:12:40.738351+00:00,0.0000495
gg24,builder,evmts/guillotine,intellij-solidity/intellij-solidity,intellij-solidity/intellij-solidity,2025-10-21T17:12:40.739001+00:00,0.0000513
gg24,builder,aestus-relay/mev-boost-relay,enscribexyz/enscribe,aestus-relay/mev-boost-relay,2025-10-21T17:12:40.739684+00:00,0.0000512
gg24,builder,0xandee/noir-playground,intellij-solidity/intellij-solidity,intellij-solidity/intellij-solidity,2025-10-21T17:12:40.740343+00:00,0.0000516
gg24,builder,axiom-crypto/openvm-reth-benchmark,wealdtech/ethdo,wealdtech/ethdo,2025-10-21T17:12:40.741041+00:00,0.0000490
gg24,builder,0xPolygonHermez/zisk,lurk-lab/neptune-triton,0xPolygonHermez/zisk,2025-10-21T17:12:40.741716+00:00,0.0000514
gg24,builder,BuidlGuidl/buidlguidl-client,TrueBlocks/trueblocks-core,TrueBlocks/trueblocks-core,2025-10-21T17:12:40.742388+00:00,0.0000523
gg24,builder,PolyhedraZK/Expander,Vectorized/solady,Vectorized/solady,2025-10-21T17:12:40.743036+00:00,0.0000505
gg24,builder,powdr-labs/powdr,taikoxyz/raiko,powdr-labs/powdr,2025-10-21T17:12:40.743713+00:00,0.0000537
gg24,builder,DexKit/dexkit-monorepo,succinctlabs/sp1,succinctlabs/sp1,2025-10-21T17:12:40.744389+00:00,0.0000521
gg24,builder,Certora/CertoraProver,wighawag/hardhat-deploy,wighawag/hardhat-deploy,2025-10-21T17:12:40.745042+00:00,0.0000532
gg24,builder,arkworks-rs/algebra,EOA-Blockchain-Labs/ethereumonarm,arkworks-rs/algebra,2025-10-21T17:12:40.745721+00:00,0.0000522
gg24,builder,risc0/RustCrypto-elliptic-curves,rollup-fortress/uncensored,risc0/RustCrypto-elliptic-curves,2025-10-21T17:12:40.746393+00:00,0.0000540
gg24,builder,BootNodeDev/intents-framework,ethstaker/eth-docker,ethstaker/eth-docker,2025-10-21T17:12:40.747039+00:00,0.0000511
gg24,builder,Jam516/BundleBear,supranational/blst,supranational/blst,2025-10-21T17:12:40.747696+00:00,0.0000507
gg24,builder,ethgas-developer/ethgas-preconf-commit-boost-module,han0110/plonkish,han0110/plonkish,2025-10-21T17:12:40.748368+00:00,0.0000529
gg24,builder,0xFacet/facet-node,triplewz/poseidon,triplewz/poseidon,2025-10-21T17:12:40.749021+00:00,0.0000488
gg24,builder,kamikazebr/owner-sync-safe,powdr-labs/powdr,powdr-labs/powdr,2025-10-21T17:12:40.749679+00:00,0.0000509
gg24,builder,ethstaker/eth-docker,ProjectZKM/Ziren,ethstaker/eth-docker,2025-10-21T17:12:40.750362+00:00,0.0000518
gg24,builder,Blobscan/blobscan,pcaversaccio/safe-tx-hashes-util,pcaversaccio/safe-tx-hashes-util,2025-10-21T17:12:40.751089+00:00,0.0000543
gg24,builder,openintentsframework/oif-contracts,Pier-Two/Lantern.Discv5,openintentsframework/oif-contracts,2025-10-21T17:12:40.751765+00:00,0.0000528
gg24,builder,lambdaclass/rex,ProjectZKM/Ziren,ProjectZKM/Ziren,2025-10-21T17:12:40.752442+00:00,0.0000516
gg24,builder,pawurb/mevlog-rs,protofire/solhint,protofire/solhint,2025-10-21T17:12:40.753133+00:00,0.0000514
gg24,builder,han0110/hash-sig-agg,Pier-Two/Lantern.Discv5,Pier-Two/Lantern.Discv5,2025-10-21T17:12:40.753792+00:00,0.0000514
gg24,builder,herumi/bls,kamikazebr/owner-sync-safe,herumi/bls,2025-10-21T17:12:40.754450+00:00,0.0000483
gg24,builder,growthepie/gtp-frontend,Rocket-Rescue-Node/rescue-ui,growthepie/gtp-frontend,2025-10-21T17:12:40.755090+00:00,0.0000510
gg24,builder,dl-solarity/solidity-lib,wealdtech/ethereal,dl-solarity/solidity-lib,2025-10-21T17:12:40.755744+00:00,0.0000495
gg24,builder,easpulse/easpulse.com,Rocket-Rescue-Node/rescue-ui,easpulse/easpulse.com,2025-10-21T17:12:40.756396+00:00,0.0000531
gg24,builder,qdrvm/qlean-mini,wighawag/clones-with-immutable-args,wighawag/clones-with-immutable-args,2025-10-21T17:12:40.757056+00:00,0.0000517
gg24,builder,ethereum-attestation-service/eas-contracts,simplito/elliptic-php,ethereum-attestation-service/eas-contracts,2025-10-21T17:12:43.289202+00:00,0.0000545
gg24,builder,evmts/krome,Jam516/BundleBear,evmts/krome,2025-10-21T17:12:43.289868+00:00,0.0000507
gg24,builder,ethaccount/SAManager,succinctlabs/rsp,succinctlabs/rsp,2025-10-21T17:12:43.290488+00:00,0.0000512
gg24,builder,ethstaker/eth-docker,simplito/elliptic-php,ethstaker/eth-docker,2025-10-21T17:12:43.291078+00:00,0.0000531
gg24,builder,attestantio/dirk,ethereum/py_ecc,ethereum/py_ecc,2025-10-21T17:12:43.291663+00:00,0.0000503
gg24,builder,coincashew/EthPillar,ethgas-developer/ethgas-preconf-commit-boost-module,coincashew/EthPillar,2025-10-21T17:12:43.292236+00:00,0.0000544
gg24,builder,otterscan/otterscan,smartcontracts/simple-optimism-node,otterscan/otterscan,2025-10-21T17:12:43.292803+00:00,0.0000524
gg24,builder,openvm-org/openvm,qdrvm/qlean-mini,openvm-org/openvm,2025-10-21T17:12:43.293377+00:00,0.0000516
gg24,builder,migalabs/goteth,Perfect-Abstractions/Compose,Perfect-Abstractions/Compose,2025-10-21T17:12:43.293946+00:00,0.0000523
gg24,builder,han0110/plonkish,NethermindEth/sedge,NethermindEth/sedge,2025-10-21T17:12:43.294524+00:00,0.0000509
gg24,builder,evmts/krome,paulmillr/noble-curves,paulmillr/noble-curves,2025-10-21T17:12:43.295096+00:00,0.0000515
gg24,builder,aestus-relay/mev-boost-relay,Perfect-Abstractions/Compose,aestus-relay/mev-boost-relay,2025-10-21T17:12:43.295672+00:00,0.0000534
gg24,builder,arnaucube/poseidon-rs,ethereum-attestation-service/eas-contracts,ethereum-attestation-service/eas-contracts,2025-10-21T17:12:43.296235+00:00,0.0000516
gg24,builder,dewdrip/eth-mobile,pcaversaccio/snekmate,pcaversaccio/snekmate,2025-10-21T17:12:43.296818+00:00,0.0000520
gg24,builder,axiom-crypto/halo2-lib,Layr-Labs/eigenx-cli,axiom-crypto/halo2-lib,2025-10-21T17:12:43.297382+00:00,0.0000515
gg24,builder,l2beat/l2beat,Luganodes/Pectra-Batch-Contract,l2beat/l2beat,2025-10-21T17:12:43.297950+00:00,0.0000548
gg24,builder,DefiLlama/chainlist,ethlimo/dweb-proxy-api,DefiLlama/chainlist,2025-10-21T17:12:43.298521+00:00,0.0000502
gg24,builder,Perfect-Abstractions/Compose,Verified-zkEVM/VCV-io,Perfect-Abstractions/Compose,2025-10-21T17:12:43.299090+00:00,0.0000526
gg24,builder,openvm-org/openvm,pawurb/mevlog-rs,openvm-org/openvm,2025-10-21T17:12:43.299661+00:00,0.0000516
gg24,builder,Elefria-Labs/evm-tools,verifereum/verifereum,verifereum/verifereum,2025-10-21T17:12:43.300217+00:00,0.0000507
gg24,builder,DefiLlama/chainlist,evmts/guillotine,DefiLlama/chainlist,2025-10-21T17:12:43.300774+00:00,0.0000499
gg24,builder,boundless-xyz/steel,han0110/hash-sig-agg,boundless-xyz/steel,2025-10-21T17:12:43.301332+00:00,0.0000505
gg24,builder,ethereum-attestation-service/eas-contracts,risc0/RustCrypto-elliptic-curves,ethereum-attestation-service/eas-contracts,2025-10-21T17:12:43.301889+00:00,0.0000545
gg24,builder,growthepie/gtp-frontend,shutter-network/rolling-shutter,shutter-network/rolling-shutter,2025-10-21T17:12:43.302460+00:00,0.0000520
gg24,builder,Perfect-Abstractions/Compose,rollup-fortress/uncensored,Perfect-Abstractions/Compose,2025-10-21T17:12:43.303052+00:00,0.0000522
gg24,builder,Commit-Boost/commit-boost-client,ethereum/py_ecc,ethereum/py_ecc,2025-10-21T17:12:43.303631+00:00,0.0000532
gg24,builder,attestantio/dirk,wighawag/hardhat-deploy,wighawag/hardhat-deploy,2025-10-21T17:12:43.304195+00:00,0.0000494
gg24,builder,ethlimo/dweb-proxy-api,ritual-net/infernet-node,ritual-net/infernet-node,2025-10-21T17:12:43.304757+00:00,0.0000526
gg24,builder,CryptoExperts/poseidon,Raiders0786/digibastion,CryptoExperts/poseidon,2025-10-21T17:12:43.305319+00:00,0.0000525
gg24,builder,enscribexyz/enscribe,iden3/snarkjs,iden3/snarkjs,2025-10-21T17:12:43.305874+00:00,0.0000495
gg24,builder,lurk-lab/neptune-triton,openintentsframework/oif-contracts,openintentsframework/oif-contracts,2025-10-21T17:12:43.306435+00:00,0.0000536
gg24,builder,ethereum/js-ethereum-cryptography,Verified-zkEVM/ArkLib,ethereum/js-ethereum-cryptography,2025-10-21T17:12:43.306986+00:00,0.0000517
gg24,builder,Consensys/gnark-crypto,iggy-social/iggy-social-frontend,Consensys/gnark-crypto,2025-10-21T17:12:43.307545+00:00,0.0000561
gg24,builder,blockblaz/zeam,riscv/sail-riscv,riscv/sail-riscv,2025-10-21T17:12:43.308093+00:00,0.0000501
gg24,builder,indutny/elliptic,Perfect-Abstractions/Compose,indutny/elliptic,2025-10-21T17:12:43.308654+00:00,0.0000512
gg24,builder,a16z/halmos,migalabs/goteth,a16z/halmos,2025-10-21T17:12:43.309204+00:00,0.0000515
gg24,builder,flashbots/mev-boost-relay,LFDT-web3j/web3j,LFDT-web3j/web3j,2025-10-21T17:12:43.309762+00:00,0.0000531
gg24,builder,jolly-roger-eth/ethereum-indexer,libp2p/libp2p,libp2p/libp2p,2025-10-21T17:12:43.310313+00:00,0.0000532
gg24,builder,risc0/zirgen,Zokrates/ZoKrates,Zokrates/ZoKrates,2025-10-21T17:12:43.310870+00:00,0.0000507
gg24,builder,b-wagn/hash-sig,ritual-net/infernet-sdk,ritual-net/infernet-sdk,2025-10-21T17:12:43.311425+00:00,0.0000538
gg24,builder,LFDT-web3j/web3j,openlabelsinitiative/OLI,LFDT-web3j/web3j,2025-10-21T17:12:43.311972+00:00,0.0000514
gg24,builder,ProjectZKM/Ziren,Verified-zkEVM/VCV-io,ProjectZKM/Ziren,2025-10-21T17:12:43.312526+00:00,0.0000531
gg24,builder,EspressoSystems/jellyfish,keep-starknet-strange/poseidon-rs,EspressoSystems/jellyfish,2025-10-21T17:12:43.313068+00:00,0.0000522
gg24,builder,OpenZeppelin/openzeppelin-relayer,scipr-lab/libsnark,scipr-lab/libsnark,2025-10-21T17:12:43.313623+00:00,0.0000514
gg24,builder,Lay3rLabs/WAVS,taikoxyz/taiko-mono,taikoxyz/taiko-mono,2025-10-21T17:12:43.314190+00:00,0.0000515
gg24,builder,intellij-solidity/intellij-solidity,serenita-org/vero,intellij-solidity/intellij-solidity,2025-10-21T17:12:43.314766+00:00,0.0000520
gg24,builder,0xMiden/miden-vm,ReamLabs/ream,0xMiden/miden-vm,2025-10-21T17:12:43.315389+00:00,0.0000506
gg24,builder,dewdrip/eth-mobile,opensource-observer/oso,opensource-observer/oso,2025-10-21T17:12:43.315963+00:00,0.0000494
gg24,builder,axiom-crypto/snark-verifier,Elefria-Labs/evm-tools,axiom-crypto/snark-verifier,2025-10-21T17:12:43.316525+00:00,0.0000496
gg24,builder,attestantio/dirk,Zokrates/ZoKrates,Zokrates/ZoKrates,2025-10-21T17:12:43.317067+00:00,0.0000497
gg24,builder,ethgas-developer/ethgas-preconf-commit-boost-module,simplito/elliptic-php,simplito/elliptic-php,2025-10-21T17:12:43.317625+00:00,0.0000561
gg24,builder,axiom-crypto/snark-verifier,risc0/RustCrypto-elliptic-curves,axiom-crypto/snark-verifier,2025-10-21T17:12:43.318176+00:00,0.0000526
gg24,builder,taikoxyz/taiko-mono,valida-xyz/valida,taikoxyz/taiko-mono,2025-10-21T17:12:43.318745+00:00,0.0000523
gg24,builder,matter-labs/solx,pawurb/mevlog-rs,matter-labs/solx,2025-10-21T17:12:43.319292+00:00,0.0000505
gg24,builder,iggy-social/iggy-social-frontend,supranational/blst,supranational/blst,2025-10-21T17:12:43.319841+00:00,0.0000523
gg24,builder,l2beat/l2beat,Rocket-Rescue-Node/rescue-ui,l2beat/l2beat,2025-10-21T17:12:43.320393+00:00,0.0000523
gg24,builder,keep-starknet-strange/poseidon-rs,risc0/risc0-ethereum,risc0/risc0-ethereum,2025-10-21T17:12:43.320939+00:00,0.0000530
gg24,builder,ConsenSysDiligence/sol-dbg,Jam516/BundleBear,Jam516/BundleBear,2025-10-21T17:12:46.894105+00:00,0.0000511
gg24,builder,Consensys/gnark-crypto,openvm-org/openvm,Consensys/gnark-crypto,2025-10-21T17:12:46.894660+00:00,0.0000555
gg24,builder,Consensys/gnark-crypto,ethgas-developer/ethgas-preconf-commit-boost-module,Consensys/gnark-crypto,2025-10-21T17:12:46.895214+00:00,0.0000576
gg24,builder,Certora/CertoraProver,Perfect-Abstractions/Compose,Certora/CertoraProver,2025-10-21T17:12:46.895749+00:00,0.0000542
gg24,builder,evmts/krome,arkworks-rs/r1cs-std,arkworks-rs/r1cs-std,2025-10-21T17:12:46.896270+00:00,0.0000524
gg24,builder,axiom-crypto/axiom-api-cli,DefiLlama/chainlist,DefiLlama/chainlist,2025-10-21T17:12:46.896798+00:00,0.0000501
gg24,builder,axiom-crypto/snark-verifier,OpenZeppelin/openzeppelin-relayer,OpenZeppelin/openzeppelin-relayer,2025-10-21T17:12:46.897324+00:00,0.0000499
gg24,builder,ethgas-developer/ethgas-preconf-commit-boost-module,lighthouse-web3/lighthouse-package,lighthouse-web3/lighthouse-package,2025-10-21T17:12:46.897835+00:00,0.0000537
gg24,builder,0xandee/noir-playground,ethlimo/dweb-proxy-api,0xandee/noir-playground,2025-10-21T17:12:46.898343+00:00,0.0000517
gg24,builder,3loop/loop-decoder,keep-starknet-strange/poseidon-rs,3loop/loop-decoder,2025-10-21T17:12:46.898849+00:00,0.0000519
gg24,builder,Layr-Labs/eigenx-cli,NethermindEth/juno,NethermindEth/juno,2025-10-21T17:12:46.899364+00:00,0.0000510
gg24,builder,ithacaxyz/porto,wealdtech/ethereal,ithacaxyz/porto,2025-10-21T17:12:46.899899+00:00,0.0000490
gg24,builder,ethstaker/eth-docker,HorizenLabs/poseidon2,ethstaker/eth-docker,2025-10-21T17:12:46.900414+00:00,0.0000492
gg24,builder,DefiLlama/chainlist,EspressoSystems/hyperplonk,DefiLlama/chainlist,2025-10-21T17:12:46.900917+00:00,0.0000486
gg24,builder,Layr-Labs/eigenx-cli,succinctlabs/op-succinct,succinctlabs/op-succinct,2025-10-21T17:12:46.901428+00:00,0.0000526
gg24,builder,flashbots/relay-specs,Layr-Labs/eigenx-cli,flashbots/relay-specs,2025-10-21T17:12:46.901937+00:00,0.0000508
gg24,builder,taikoxyz/taiko-mono,w3f/bls,taikoxyz/taiko-mono,2025-10-21T17:12:46.902458+00:00,0.0000511
gg24,builder,Elefria-Labs/evm-tools,ReamLabs/ream,ReamLabs/ream,2025-10-21T17:12:46.902967+00:00,0.0000499
gg24,builder,indutny/elliptic,succinctlabs/network,indutny/elliptic,2025-10-21T17:12:46.903482+00:00,0.0000524
gg24,builder,BuidlGuidl/buidlguidl-client,lighthouse-web3/lighthouse-package,BuidlGuidl/buidlguidl-client,2025-10-21T17:12:46.903991+00:00,0.0000525
gg24,builder,attestantio/dirk,flashbots/mev-boost-relay,flashbots/mev-boost-relay,2025-10-21T17:12:46.904502+00:00,0.0000506
gg24,builder,PracticalParticle/Bloxchain-Protocol,wighawag/hardhat-deploy,wighawag/hardhat-deploy,2025-10-21T17:12:46.905046+00:00,0.0000537
gg24,builder,Luganodes/Pectra-Batch-Contract,Pier-Two/Lantern.Discv5,Luganodes/Pectra-Batch-Contract,2025-10-21T17:12:46.905571+00:00,0.0000543
gg24,builder,axiom-crypto/halo2-lib,ephemery-testnet/ephemery-genesis,axiom-crypto/halo2-lib,2025-10-21T17:12:46.906105+00:00,0.0000512
gg24,builder,dusk-network/Poseidon252,NethermindEth/Forta-Agents,dusk-network/Poseidon252,2025-10-21T17:12:46.906630+00:00,0.0000531
gg24,builder,enscribexyz/enscribe,evmts/guillotine,evmts/guillotine,2025-10-21T17:12:46.907133+00:00,0.0000496
gg24,builder,kamikazebr/owner-sync-safe,openintentsframework/oif-solver,openintentsframework/oif-solver,2025-10-21T17:12:46.907642+00:00,0.0000515
gg24,builder,l2beat/l2beat,qdrvm/qlean-mini,l2beat/l2beat,2025-10-21T17:12:46.908144+00:00,0.0000522
gg24,builder,han0110/bench-hash-in-snark,PolyhedraZK/Expander,PolyhedraZK/Expander,2025-10-21T17:12:46.908658+00:00,0.0000522
gg24,builder,holiman/goevmlab,PracticalParticle/Bloxchain-Protocol,holiman/goevmlab,2025-10-21T17:12:46.909163+00:00,0.0000533
gg24,builder,ethereum/py_ecc,risc0/risc0-ethereum,ethereum/py_ecc,2025-10-21T17:12:46.909676+00:00,0.0000528
gg24,builder,Layr-Labs/eigenx-cli,Perfect-Abstractions/Compose,Perfect-Abstractions/Compose,2025-10-21T17:12:46.910176+00:00,0.0000522
gg24,builder,ProjectZKM/zkm-prover,risc0/zirgen,risc0/zirgen,2025-10-21T17:12:46.910679+00:00,0.0000509
gg24,builder,BootNodeDev/intents-framework,verifereum/verifereum,BootNodeDev/intents-framework,2025-10-21T17:12:46.911182+00:00,0.0000517
gg24,builder,lambdaclass/rex,sumitvekariya/sol2seq,lambdaclass/rex,2025-10-21T17:12:46.911682+00:00,0.0000509
gg24,builder,Certora/CertoraProver,Verified-zkEVM/clean,Certora/CertoraProver,2025-10-21T17:12:46.912179+00:00,0.0000528
gg24,builder,manojkgorle/brainfuckvm,wealdtech/ethdo,wealdtech/ethdo,2025-10-21T17:12:46.912677+00:00,0.0000501
gg24,builder,herumi/mcl,ReamLabs/ream,herumi/mcl,2025-10-21T17:12:46.913236+00:00,0.0000497
gg24,builder,lambdaclass/lambdaworks,Perfect-Abstractions/Compose,lambdaclass/lambdaworks,2025-10-21T17:12:46.913752+00:00,0.0000540
gg24,builder,Layr-Labs/devkit-cli,open-rpc/client-js,open-rpc/client-js,2025-10-21T17:12:46.914259+00:00,0.0000523
gg24,builder,Certora/CertoraProver,edb-rs/edb,Certora/CertoraProver,2025-10-21T17:12:46.914770+00:00,0.0000532
gg24,builder,herumi/mcl,LFDT-web3j/web3j,LFDT-web3j/web3j,2025-10-21T17:12:46.915273+00:00,0.0000515
gg24,builder,iggy-social/iggy-social-frontend,Layr-Labs/devkit-cli,Layr-Labs/devkit-cli,2025-10-21T17:12:46.915782+00:00,0.0000532
gg24,builder,gattaca-com/helix,Vectorized/solady,Vectorized/solady,2025-10-21T17:12:46.916293+00:00,0.0000484
gg24,builder,axiom-crypto/halo2-lib,dusk-network/Poseidon252,axiom-crypto/halo2-lib,2025-10-21T17:12:46.916826+00:00,0.0000522
gg24,builder,AgnopraxLab/D2PFuzz,NethermindEth/juno,NethermindEth/juno,2025-10-21T17:12:46.917330+00:00,0.0000520
gg24,builder,evmts/krome,serenita-org/vero,evmts/krome,2025-10-21T17:12:46.917854+00:00,0.0000520
gg24,builder,keep-starknet-strange/garaga,succinctlabs/rsp,keep-starknet-strange/garaga,2025-10-21T17:12:46.918380+00:00,0.0000538
gg24,builder,easpulse/easpulse.com,wealdtech/ethereal,wealdtech/ethereal,2025-10-21T17:12:46.918881+00:00,0.0000513
gg24,builder,Commit-Boost/commit-boost-client,risc0/risc0-ethereum,risc0/risc0-ethereum,2025-10-21T17:12:46.919390+00:00,0.0000537
gg24,builder,Verified-zkEVM/iris-lean,smartcontracts/simple-optimism-node,smartcontracts/simple-optimism-node,2025-10-21T17:12:46.919888+00:00,0.0000525
gg24,builder,triplewz/poseidon,wighawag/hardhat-deploy,wighawag/hardhat-deploy,2025-10-21T17:12:46.920385+00:00,0.0000500
gg24,builder,growthepie/gtp-dna,witnet/elliptic-curve-solidity,witnet/elliptic-curve-solidity,2025-10-21T17:12:46.920909+00:00,0.0000513
gg24,builder,evmts/krome,manojkgorle/brainfuckvm,evmts/krome,2025-10-21T17:12:46.921448+00:00,0.0000519
gg24,builder,aestus-relay/mev-boost-relay,wighawag/clones-with-immutable-args,aestus-relay/mev-boost-relay,2025-10-21T17:12:46.921951+00:00,0.0000532
gg24,builder,Elefria-Labs/evm-tools,Jam516/BundleBear,Jam516/BundleBear,2025-10-21T17:12:46.922462+00:00,0.0000500
gg24,builder,ponkila/HomestakerOS,supranational/blst,supranational/blst,2025-10-21T17:12:46.922963+00:00,0.0000517
gg24,builder,Consensys/gnark-crypto,ithacaxyz/account,Consensys/gnark-crypto,2025-10-21T17:12:46.923466+00:00,0.0000549
gg24,builder,keep-starknet-strange/poseidon-rs,stake-house/wagyu-key-gen,stake-house/wagyu-key-gen,2025-10-21T17:12:46.923968+00:00,0.0000514
gg24,builder,Certora/CertoraProver,flashbots/mev-boost,flashbots/mev-boost,2025-10-21T17:12:46.924499+00:00,0.0000545
gg24,builder,0xPolygonHermez/zisk-eth-client,iden3/snarkjs,iden3/snarkjs,2025-10-21T17:12:46.925048+00:00,0.0000510
gg24,builder,NethermindEth/latticefold,Verified-zkEVM/ArkLib,Verified-zkEVM/ArkLib,2025-10-21T17:12:46.925565+00:00,0.0000514
gg24,builder,evmts/tevm-monorepo,risc0/risc0-ethereum,evmts/tevm-monorepo,2025-10-21T17:12:46.926101+00:00,0.0000536
gg24,builder,0xFacet/facet-node,risc0/risc0-ethereum,risc0/risc0-ethereum,2025-10-21T17:12:46.926614+00:00,0.0000507
gg24,builder,migalabs/goteth,scipr-lab/libsnark,scipr-lab/libsnark,2025-10-21T17:12:46.927118+00:00,0.0000521
gg24,builder,coincashew/EthPillar,ritual-net/infernet-sdk,ritual-net/infernet-sdk,2025-10-21T17:12:46.927629+00:00,0.0000524
gg24,builder,circuitscan/circuitscan,LFDT-web3j/web3j,LFDT-web3j/web3j,2025-10-21T17:12:46.928134+00:00,0.0000511
gg24,builder,han0110/plonkish,Markeljan/web3gpt,Markeljan/web3gpt,2025-10-21T17:12:46.928645+00:00,0.0000502
gg24,builder,ithacaxyz/relay,Verified-zkEVM/clean,ithacaxyz/relay,2025-10-21T17:12:46.929144+00:00,0.0000505
gg24,builder,0xFacet/facet-node,intellij-solidity/intellij-solidity,intellij-solidity/intellij-solidity,2025-10-21T17:12:46.929654+00:00,0.0000498
gg24,builder,axiom-crypto/axiom-api-cli,ritual-net/infernet-node,ritual-net/infernet-node,2025-10-21T17:12:46.930155+00:00,0.0000525
gg24,builder,evmts/krome,0xMiden/miden-vm,0xMiden/miden-vm,2025-10-21T17:12:46.930671+00:00,0.0000515
gg24,builder,paulmillr/noble-curves,wighawag/clones-with-immutable-args,paulmillr/noble-curves,2025-10-21T17:12:46.931189+00:00,0.0000518
gg24,builder,Consensys/gnark-crypto,evmts/guillotine,Consensys/gnark-crypto,2025-10-21T17:12:46.931703+00:00,0.0000551
gg24,builder,Luganodes/Pectra-Batch-Contract,rollup-fortress/uncensored,Luganodes/Pectra-Batch-Contract,2025-10-21T17:12:46.932217+00:00,0.0000542
gg24,builder,Raiders0786/digibastion,TrueBlocks/trueblocks-core,TrueBlocks/trueblocks-core,2025-10-21T17:12:46.932731+00:00,0.0000544
gg24,builder,ithacaxyz/relay,witnet/elliptic-curve-solidity,witnet/elliptic-curve-solidity,2025-10-21T17:12:46.933231+00:00,0.0000516
gg24,builder,aestus-relay/mev-boost-relay,ethereum-attestation-service/eas-contracts,ethereum-attestation-service/eas-contracts,2025-10-21T17:12:46.933745+00:00,0.0000536
gg24,builder,b-wagn/hash-sig,Raiders0786/digibastion,b-wagn/hash-sig,2025-10-21T17:12:46.934241+00:00,0.0000567
gg24,builder,ChainSafe/bls,pawurb/mevlog-rs,pawurb/mevlog-rs,2025-10-21T17:12:46.934765+00:00,0.0000510
gg24,builder,ProjectZKM/Ziren,ProjectZKM/zkm-prover,ProjectZKM/Ziren,2025-10-21T17:12:46.935260+00:00,0.0000525
gg24,builder,Blobscan/blobscan,protofire/solhint,protofire/solhint,2025-10-21T17:12:46.935763+00:00,0.0000508
gg24,builder,EspressoSystems/hyperplonk,NethermindEth/nine,EspressoSystems/hyperplonk,2025-10-21T17:12:46.936261+00:00,0.0000495
gg24,builder,ethereum/py_ecc,iggy-social/iggy-social-frontend,ethereum/py_ecc,2025-10-21T17:12:46.936766+00:00,0.0000527
gg24,builder,0xPolygonHermez/pil2-proofman,Layr-Labs/eigenx-cli,0xPolygonHermez/pil2-proofman,2025-10-21T17:12:46.937257+00:00,0.0000519
gg24,builder,intellij-solidity/intellij-solidity,TobiWo/eth-duties,intellij-solidity/intellij-solidity,2025-10-21T17:12:46.937759+00:00,0.0000514
gg24,builder,flashbots/mev-boost-relay,keep-starknet-strange/garaga,flashbots/mev-boost-relay,2025-10-21T17:12:46.938271+00:00,0.0000543
gg24,builder,axiom-crypto/halo2-lib,enscribexyz/enscribe,axiom-crypto/halo2-lib,2025-10-21T17:12:46.938779+00:00,0.0000496
gg24,builder,Lightprotocol/light-poseidon,NethermindEth/juno,NethermindEth/juno,2025-10-21T17:12:46.939283+00:00,0.0000501
gg24,builder,ethereum-attestation-service/eas-contracts,ritual-net/infernet-sdk,ethereum-attestation-service/eas-contracts,2025-10-21T17:12:46.939789+00:00,0.0000525
gg24,builder,ethereum-attestation-service/eas-contracts,verifereum/verifereum,ethereum-attestation-service/eas-contracts,2025-10-21T17:12:46.940284+00:00,0.0000521
gg24,builder,0xPolygonHermez/zisk-eth-client,Jam516/BundleBear,Jam516/BundleBear,2025-10-21T17:12:46.940789+00:00,0.0000505
gg24,builder,ethereum/js-ethereum-cryptography,lighthouse-web3/lighthouse-package,ethereum/js-ethereum-cryptography,2025-10-21T17:12:46.941290+00:00,0.0000517
gg24,builder,arnaucube/poseidon-rs,succinctlabs/rsp,succinctlabs/rsp,2025-10-21T17:12:46.941800+00:00,0.0000511
gg24,builder,HorizenOfficial/ginger-lib,iden3/go-iden3-crypto,iden3/go-iden3-crypto,2025-10-21T17:12:46.942356+00:00,0.0000534
gg24,builder,riscv/sail-riscv,succinctlabs/rsp,succinctlabs/rsp,2025-10-21T17:12:46.942866+00:00,0.0000511
gg24,builder,HorizenLabs/poseidon2,Lay3rLabs/WAVS,HorizenLabs/poseidon2,2025-10-21T17:12:46.943379+00:00,0.0000495
gg24,builder,ethaccount/SAManager,Luganodes/Pectra-Batch-Contract,Luganodes/Pectra-Batch-Contract,2025-10-21T17:12:46.943894+00:00,0.0000535
gg24,builder,EspressoSystems/jellyfish,openlabelsinitiative/OLI,EspressoSystems/jellyfish,2025-10-21T17:12:46.944398+00:00,0.0000506
gg24,builder,coincashew/EthPillar,Layr-Labs/eigenx-cli,coincashew/EthPillar,2025-10-21T17:12:46.944896+00:00,0.0000523
gg24,builder,HorizenOfficial/ginger-lib,pcaversaccio/snekmate,pcaversaccio/snekmate,2025-10-21T17:12:46.945415+00:00,0.0000534
gg24,builder,anoma/arm-risc0,ithacaxyz/account,ithacaxyz/account,2025-10-21T17:12:46.945916+00:00,0.0000513
gg24,builder,Markeljan/web3gpt,Pier-Two/Lantern.Discv5,Markeljan/web3gpt,2025-10-21T17:12:46.946421+00:00,0.0000514
gg24,builder,Rocket-Rescue-Node/rescue-ui,succinctlabs/op-succinct,succinctlabs/op-succinct,2025-10-21T17:12:46.946923+00:00,0.0000524
gg24,builder,EOA-Blockchain-Labs/ethereumonarm,paulmillr/noble-curves,paulmillr/noble-curves,2025-10-21T17:12:46.947425+00:00,0.0000526
gg24,builder,han0110/plonkish,shazow/whatsabi,shazow/whatsabi,2025-10-21T17:12:46.947921+00:00,0.0000513
gg24,builder,beaconlabs-io/muse,EspressoSystems/hyperplonk,EspressoSystems/hyperplonk,2025-10-21T17:12:46.948424+00:00,0.0000496
gg24,builder,0xPolygonHermez/zisk-eth-client,arkworks-rs/algebra,arkworks-rs/algebra,2025-10-21T17:12:46.948925+00:00,0.0000509
gg24,builder,DefiLlama/chainlist,Layr-Labs/eigenx-cli,DefiLlama/chainlist,2025-10-21T17:12:46.949444+00:00,0.0000503
gg24,builder,3loop/loop-decoder,enscribexyz/enscribe,3loop/loop-decoder,2025-10-21T17:12:46.950072+00:00,0.0000496
gg24,builder,open-rpc/client-js,PolyhedraZK/Expander,open-rpc/client-js,2025-10-21T17:12:46.950583+00:00,0.0000517
gg24,builder,ithacaxyz/relay,Zokrates/ZoKrates,Zokrates/ZoKrates,2025-10-21T17:12:46.951085+00:00,0.0000512
gg24,builder,l2beat/l2beat,lighthouse-web3/lighthouse-package,l2beat/l2beat,2025-10-21T17:12:46.951596+00:00,0.0000522
gg24,builder,otterscan/otterscan,paulmillr/noble-curves,otterscan/otterscan,2025-10-21T17:12:46.952095+00:00,0.0000521
gg24,builder,dappnode/DAppNode,keep-starknet-strange/poseidon-rs,dappnode/DAppNode,2025-10-21T17:12:46.952597+00:00,0.0000516
gg24,builder,ConsenSysDiligence/sol-dbg,Elefria-Labs/evm-tools,ConsenSysDiligence/sol-dbg,2025-10-21T17:12:46.953094+00:00,0.0000512
gg24,builder,han0110/hash-sig-agg,ProjectZKM/Ziren,ProjectZKM/Ziren,2025-10-21T17:12:46.953598+00:00,0.0000521
gg24,builder,ethstaker/ethstaker-deposit-cli,shazow/whatsabi,shazow/whatsabi,2025-10-21T17:12:46.954093+00:00,0.0000526
gg24,builder,evmts/guillotine,Recon-Fuzz/recon-extension,evmts/guillotine,2025-10-21T17:12:46.954597+00:00,0.0000552
gg24,builder,0xandee/noir-playground,witnet/elliptic-curve-solidity,witnet/elliptic-curve-solidity,2025-10-21T17:12:46.955094+00:00,0.0000518
gg24,builder,easpulse/easpulse.com,ethereum-attestation-service/eas-contracts,ethereum-attestation-service/eas-contracts,2025-10-21T17:12:46.955611+00:00,0.0000538
gg24,builder,b-wagn/hash-sig,shazow/whatsabi,shazow/whatsabi,2025-10-21T17:12:46.956100+00:00,0.0000542
gg24,builder,BootNodeDev/intents-framework,ethereum/js-ethereum-cryptography,ethereum/js-ethereum-cryptography,2025-10-21T17:12:46.956603+00:00,0.0000521
gg24,builder,ProjectZKM/zkm-prover,triplewz/poseidon,ProjectZKM/zkm-prover,2025-10-21T17:12:46.957096+00:00,0.0000505
gg24,builder,dewdrip/eth-mobile,lambdaclass/lambdaworks,lambdaclass/lambdaworks,2025-10-21T17:12:46.957608+00:00,0.0000525
gg24,builder,openintentsframework/oif-solver,openlabelsinitiative/OLI,openlabelsinitiative/OLI,2025-10-21T17:12:46.958100+00:00,0.0000516
gg24,builder,BuidlGuidl/buidlguidl-client,coincashew/EthPillar,coincashew/EthPillar,2025-10-21T17:12:46.958599+00:00,0.0000532
gg24,builder,BuidlGuidl/buidlguidl-client,powdr-labs/powdr,powdr-labs/powdr,2025-10-21T17:12:46.959098+00:00,0.0000531
gg24,builder,HorizenOfficial/ginger-lib,serenita-org/vero,HorizenOfficial/ginger-lib,2025-10-21T17:12:46.959607+00:00,0.0000524
gg24,builder,3loop/loop-decoder,PracticalParticle/Bloxchain-Protocol,3loop/loop-decoder,2025-10-21T17:12:46.960107+00:00,0.0000540
gg24,builder,han0110/hash-sig-agg,otterscan/otterscan,otterscan/otterscan,2025-10-21T17:12:46.960608+00:00,0.0000517
gg24,builder,OffchainLabs/stylus-sdk-rs,otterscan/otterscan,otterscan/otterscan,2025-10-21T17:12:46.961105+00:00,0.0000524
gg24,builder,migalabs/goteth,powdr-labs/powdr,powdr-labs/powdr,2025-10-21T17:12:46.961623+00:00,0.0000523
gg24,builder,boundless-xyz/steel,Verified-zkEVM/ArkLib,Verified-zkEVM/ArkLib,2025-10-21T17:12:46.962124+00:00,0.0000508
gg24,builder,han0110/hash-sig-agg,wealdtech/ethdo,wealdtech/ethdo,2025-10-21T17:12:46.962645+00:00,0.0000493
gg24,builder,growthepie/gtp-backend,openvm-org/stark-backend,openvm-org/stark-backend,2025-10-21T17:12:46.963869+00:00,0.0000519
gg24,builder,ethereum-attestation-service/eas-contracts,succinctlabs/network,ethereum-attestation-service/eas-contracts,2025-10-21T17:12:46.964386+00:00,0.0000539
gg24,builder,Certora/CertoraProver,q9f/eth.rb,Certora/CertoraProver,2025-10-21T17:12:46.964892+00:00,0.0000542
gg24,builder,keep-starknet-strange/poseidon-rs,Verified-zkEVM/VCV-io,Verified-zkEVM/VCV-io,2025-10-21T17:12:46.965402+00:00,0.0000527
gg24,builder,b-wagn/hash-sig,libp2p/libp2p,libp2p/libp2p,2025-10-21T17:12:46.965908+00:00,0.0000541
gg24,builder,3loop/loop-decoder,powdr-labs/powdr,powdr-labs/powdr,2025-10-21T17:12:46.966423+00:00,0.0000518
gg24,builder,ethlimo/dweb-proxy-api,valida-xyz/valida,valida-xyz/valida,2025-10-21T17:12:46.966923+00:00,0.0000520
gg24,builder,ConsenSysDiligence/sol-dbg,manojkgorle/brainfuckvm,ConsenSysDiligence/sol-dbg,2025-10-21T17:12:46.967433+00:00,0.0000523
gg24,builder,indutny/elliptic,Rocket-Rescue-Node/rescue-ui,indutny/elliptic,2025-10-21T17:12:46.967938+00:00,0.0000507
gg24,builder,taikoxyz/raiko,wighawag/clones-with-immutable-args,taikoxyz/raiko,2025-10-21T17:12:46.968448+00:00,0.0000535
gg24,builder,blockscout/blockscout,succinctlabs/rsp,blockscout/blockscout,2025-10-21T17:12:46.968950+00:00,0.0000523
gg24,builder,b-wagn/hash-sig,Verified-zkEVM/VCV-io,Verified-zkEVM/VCV-io,2025-10-21T17:12:46.969451+00:00,0.0000541
gg24,builder,b-wagn/hash-sig,Elefria-Labs/evm-tools,b-wagn/hash-sig,2025-10-21T17:12:46.969953+00:00,0.0000528
gg24,builder,blockblaz/zeam,growthepie/gtp-frontend,blockblaz/zeam,2025-10-21T17:12:46.970470+00:00,0.0000502
gg24,builder,lighthouse-web3/lighthouse-package,Lightprotocol/light-poseidon,Lightprotocol/light-poseidon,2025-10-21T17:12:46.970974+00:00,0.0000507
gg24,builder,0xandee/noir-playground,openintentsframework/oif-solver,openintentsframework/oif-solver,2025-10-21T17:12:46.971483+00:00,0.0000527
gg24,builder,Commit-Boost/commit-boost-client,enscribexyz/enscribe,Commit-Boost/commit-boost-client,2025-10-21T17:12:46.971983+00:00,0.0000511
gg24,builder,skalenetwork/libBLS,Zokrates/ZoKrates,Zokrates/ZoKrates,2025-10-21T17:12:46.972498+00:00,0.0000568
gg24,builder,arnaucube/poseidon-rs,blockblaz/zeam,arnaucube/poseidon-rs,2025-10-21T17:12:46.972999+00:00,0.0000501
gg24,builder,aestus-relay/mev-boost-relay,NethermindEth/sedge,NethermindEth/sedge,2025-10-21T17:12:46.973505+00:00,0.0000532
gg24,builder,axiom-crypto/openvm-reth-benchmark,ChainSafe/bls,ChainSafe/bls,2025-10-21T17:12:46.974015+00:00,0.0000504
gg24,builder,HorizenOfficial/ginger-lib,ithacaxyz/relay,ithacaxyz/relay,2025-10-21T17:12:46.974515+00:00,0.0000518
gg24,builder,gattaca-com/helix,sumitvekariya/sol2seq,sumitvekariya/sol2seq,2025-10-21T17:12:46.975013+00:00,0.0000500
gg24,builder,ephemery-testnet/ephemery-genesis,open-rpc/client-js,open-rpc/client-js,2025-10-21T17:12:46.975516+00:00,0.0000513
gg24,builder,paulmillr/noble-curves,succinctlabs/rsp,paulmillr/noble-curves,2025-10-21T17:12:46.976018+00:00,0.0000517
gg24,builder,keep-starknet-strange/poseidon-rs,Layr-Labs/eigenx-cli,keep-starknet-strange/poseidon-rs,2025-10-21T17:12:46.976522+00:00,0.0000523
gg24,builder,lambdaclass/rex,pcaversaccio/snekmate,pcaversaccio/snekmate,2025-10-21T17:12:46.977269+00:00,0.0000521
gg24,builder,anoma/arm-risc0,iden3/go-iden3-crypto,iden3/go-iden3-crypto,2025-10-21T17:12:46.977778+00:00,0.0000532
gg24,builder,3loop/loop-decoder,ethlimo/dweb-proxy-api,3loop/loop-decoder,2025-10-21T17:12:46.978275+00:00,0.0000514
gg24,builder,Perfect-Abstractions/Compose,TaceoLabs/co-snarks,TaceoLabs/co-snarks,2025-10-21T17:12:46.978782+00:00,0.0000528
gg24,builder,a16z/halmos,succinctlabs/op-succinct,a16z/halmos,2025-10-21T17:12:46.979277+00:00,0.0000521
gg24,builder,corpus-core/colibri-stateless,jolly-roger-eth/ethereum-indexer,jolly-roger-eth/ethereum-indexer,2025-10-21T17:12:46.979797+00:00,0.0000525
gg24,builder,dewdrip/eth-mobile,NethermindEth/sedge,NethermindEth/sedge,2025-10-21T17:12:46.980316+00:00,0.0000508
gg24,builder,DefiLlama/DefiLlama-Adapters,HorizenLabs/poseidon2,DefiLlama/DefiLlama-Adapters,2025-10-21T17:12:46.980818+00:00,0.0000500
gg24,builder,Markeljan/web3gpt,ProjectZKM/zkm-prover,Markeljan/web3gpt,2025-10-21T17:12:46.981331+00:00,0.0000511
gg24,builder,0xandee/noir-playground,growthepie/gtp-dna,0xandee/noir-playground,2025-10-21T17:12:46.981838+00:00,0.0000512
gg24,builder,b-wagn/hash-sig,Layr-Labs/devkit-cli,b-wagn/hash-sig,2025-10-21T17:12:46.982352+00:00,0.0000544
gg24,builder,han0110/bench-hash-in-snark,NethermindEth/nine,NethermindEth/nine,2025-10-21T17:12:46.982856+00:00,0.0000514
gg24,builder,ConsenSysDiligence/sol-dbg,flashbots/rbuilder,flashbots/rbuilder,2025-10-21T17:12:46.983366+00:00,0.0000524
gg24,builder,herumi/bls,ReamLabs/ream,herumi/bls,2025-10-21T17:12:46.983870+00:00,0.0000485
gg24,builder,Certora/CertoraProver,Commit-Boost/commit-boost-client,Certora/CertoraProver,2025-10-21T17:12:46.984386+00:00,0.0000550
gg24,builder,axiom-crypto/axiom-api-cli,Lightprotocol/light-poseidon,Lightprotocol/light-poseidon,2025-10-21T17:12:46.985358+00:00,0.0000508
gg24,builder,3loop/loop-decoder,lovesh/bulletproofs-r1cs-gadgets,3loop/loop-decoder,2025-10-21T17:12:46.985856+00:00,0.0000535
gg24,builder,ethstaker/eth-docker,NethermindEth/juno,ethstaker/eth-docker,2025-10-21T17:12:46.986695+00:00,0.0000501
gg24,builder,ChaosChain/trustless-agents-erc-ri,flashbots/mev-boost,flashbots/mev-boost,2025-10-21T17:12:46.987201+00:00,0.0000543
gg24,builder,deficollective/defiscan,Lightprotocol/light-poseidon,deficollective/defiscan,2025-10-21T17:12:46.987716+00:00,0.0000505
gg24,builder,iden3/circomlib,lighthouse-web3/lighthouse-package,iden3/circomlib,2025-10-21T17:12:46.988216+00:00,0.0000506
gg24,builder,gattaca-com/helix,w3f/bls,w3f/bls,2025-10-21T17:12:46.988721+00:00,0.0000489
gg24,builder,HorizenLabs/poseidon2,OffchainLabs/stylus-sdk-rs,OffchainLabs/stylus-sdk-rs,2025-10-21T17:12:46.989223+00:00,0.0000502
gg24,builder,iden3/snarkjs,riscv/sail-riscv,iden3/snarkjs,2025-10-21T17:12:46.989726+00:00,0.0000506
gg24,builder,brevis-network/Pico-zkCoprocessor,BuidlGuidl/buidlguidl-client,BuidlGuidl/buidlguidl-client,2025-10-21T17:12:46.990221+00:00,0.0000524
gg24,builder,orbitdb/orbitdb,smartcontracts/simple-optimism-node,orbitdb/orbitdb,2025-10-21T17:12:46.990722+00:00,0.0000512
gg24,builder,ethereum/js-ethereum-cryptography,Perfect-Abstractions/Compose,ethereum/js-ethereum-cryptography,2025-10-21T17:12:46.991226+00:00,0.0000523
gg24,builder,ethstaker/ethstaker-deposit-cli,openlabelsinitiative/OLI,openlabelsinitiative/OLI,2025-10-21T17:12:46.991732+00:00,0.0000509
gg24,builder,HorizenLabs/poseidon2,ingonyama-zk/poseidon-hash,ingonyama-zk/poseidon-hash,2025-10-21T17:12:46.992232+00:00,0.0000513
gg24,builder,aestus-relay/mev-boost-relay,b-wagn/hash-sig,aestus-relay/mev-boost-relay,2025-10-21T17:12:46.992743+00:00,0.0000549
gg24,builder,axiom-crypto/openvm-reth-benchmark,ingonyama-zk/poseidon-hash,ingonyama-zk/poseidon-hash,2025-10-21T17:12:46.993246+00:00,0.0000522
gg24,builder,beaconlabs-io/muse,NethermindEth/juno,NethermindEth/juno,2025-10-21T17:12:46.993762+00:00,0.0000504
gg24,builder,pcaversaccio/snekmate,verifereum/verifereum,pcaversaccio/snekmate,2025-10-21T17:12:46.994279+00:00,0.0000529
gg24,builder,herumi/bls,ithacaxyz/account,herumi/bls,2025-10-21T17:12:46.994792+00:00,0.0000490
gg24,builder,edb-rs/edb,qdrvm/qlean-mini,edb-rs/edb,2025-10-21T17:12:46.995299+00:00,0.0000509
gg24,builder,paulmillr/noble-curves,pcaversaccio/safe-tx-hashes-util,paulmillr/noble-curves,2025-10-21T17:12:46.995812+00:00,0.0000550
gg24,builder,DefiLlama/DefiLlama-Adapters,Layr-Labs/eigenx-cli,DefiLlama/DefiLlama-Adapters,2025-10-21T17:12:46.996318+00:00,0.0000518
gg24,builder,easpulse/easpulse.com,Plonky3/Plonky3,Plonky3/Plonky3,2025-10-21T17:12:46.996819+00:00,0.0000535
gg24,builder,Certora/CertoraProver,han0110/plonkish,Certora/CertoraProver,2025-10-21T17:12:46.997330+00:00,0.0000528
gg24,builder,stake-house/eth-wizard,wealdtech/ethereal,wealdtech/ethereal,2025-10-21T17:12:46.997826+00:00,0.0000490
gg24,builder,axiom-crypto/snark-verifier,BootNodeDev/intents-framework,BootNodeDev/intents-framework,2025-10-21T17:12:46.998327+00:00,0.0000506
gg24,builder,arkworks-rs/algebra,HorizenLabs/poseidon2,arkworks-rs/algebra,2025-10-21T17:12:46.998821+00:00,0.0000495
gg24,builder,ProjectZKM/Ziren,serenita-org/vero,ProjectZKM/Ziren,2025-10-21T17:12:46.999323+00:00,0.0000530
gg24,builder,AgnopraxLab/D2PFuzz,joshstevens19/rrelayer,joshstevens19/rrelayer,2025-10-21T17:12:46.999815+00:00,0.0000537
gg24,builder,growthepie/gtp-frontend,han0110/hash-sig-agg,growthepie/gtp-frontend,2025-10-21T17:12:47.000317+00:00,0.0000506
gg24,builder,matter-labs/solx,risc0/zirgen,matter-labs/solx,2025-10-21T17:12:47.000814+00:00,0.0000500
gg24,builder,supranational/blst,taikoxyz/taiko-mono,taikoxyz/taiko-mono,2025-10-21T17:12:47.001329+00:00,0.0000519
gg24,builder,brevis-network/Pico-zkCoprocessor,paulmillr/noble-curves,paulmillr/noble-curves,2025-10-21T17:12:47.001820+00:00,0.0000513
gg24,builder,keep-starknet-strange/garaga,ritual-net/infernet-node,keep-starknet-strange/garaga,2025-10-21T17:12:47.002332+00:00,0.0000546
gg24,builder,herumi/bls,Markeljan/web3gpt,herumi/bls,2025-10-21T17:12:47.002819+00:00,0.0000490
gg24,builder,Rocket-Rescue-Node/rescue-ui,wealdtech/ethdo,wealdtech/ethdo,2025-10-21T17:12:47.003324+00:00,0.0000497
gg24,builder,intellij-solidity/intellij-solidity,ritual-net/infernet-sdk,intellij-solidity/intellij-solidity,2025-10-21T17:12:47.003823+00:00,0.0000518
gg24,builder,BootNodeDev/intents-framework,deficollective/defiscan,BootNodeDev/intents-framework,2025-10-21T17:12:47.004330+00:00,0.0000515
gg24,builder,growthepie/gtp-frontend,ritual-net/infernet-node,ritual-net/infernet-node,2025-10-21T17:12:47.004826+00:00,0.0000520
gg24,builder,holiman/goevmlab,NethermindEth/nine,holiman/goevmlab,2025-10-21T17:12:47.005327+00:00,0.0000501
gg24,builder,a16z/halmos,iden3/go-iden3-crypto,a16z/halmos,2025-10-21T17:12:47.005827+00:00,0.0000527
gg24,builder,iden3/circomlib,indutny/elliptic,indutny/elliptic,2025-10-21T17:12:47.006329+00:00,0.0000499
gg24,builder,iggy-social/iggy-social-frontend,LFDT-web3j/web3j,LFDT-web3j/web3j,2025-10-21T17:12:47.006831+00:00,0.0000532
gg24,builder,growthepie/gtp-dna,stake-house/eth-wizard,stake-house/eth-wizard,2025-10-21T17:12:47.007334+00:00,0.0000504
gg24,builder,corpus-core/colibri-stateless,ProjectZKM/Ziren,ProjectZKM/Ziren,2025-10-21T17:12:47.007836+00:00,0.0000524
gg24,builder,0xPolygonHermez/zisk,shamatar/poseidon_hash,0xPolygonHermez/zisk,2025-10-21T17:12:47.008345+00:00,0.0000492
gg24,builder,axiom-crypto/openvm-reth-benchmark,shazow/whatsabi,shazow/whatsabi,2025-10-21T17:12:47.008846+00:00,0.0000515
gg24,builder,BootNodeDev/intents-framework,ethstaker/ethstaker-deposit-cli,BootNodeDev/intents-framework,2025-10-21T17:12:47.009359+00:00,0.0000522
gg24,builder,ethereum/js-ethereum-cryptography,opensource-observer/oso,ethereum/js-ethereum-cryptography,2025-10-21T17:12:47.009860+00:00,0.0000507
gg24,builder,lurk-lab/neptune-triton,ProjectZKM/Ziren,ProjectZKM/Ziren,2025-10-21T17:12:47.010368+00:00,0.0000536
gg24,builder,Commit-Boost/commit-boost-client,han0110/bench-hash-in-snark,Commit-Boost/commit-boost-client,2025-10-21T17:12:47.010864+00:00,0.0000532
gg24,builder,herumi/mcl,lambdaclass/ethrex,lambdaclass/ethrex,2025-10-21T17:12:47.011440+00:00,0.0000512
gg24,builder,0xPolygonHermez/pil2-proofman,Verified-zkEVM/ArkLib,Verified-zkEVM/ArkLib,2025-10-21T17:12:47.011962+00:00,0.0000516
gg24,builder,0xFacet/facet-node,Layr-Labs/eigenx-cli,Layr-Labs/eigenx-cli,2025-10-21T17:12:47.012480+00:00,0.0000500
gg24,builder,EOA-Blockchain-Labs/ethereumonarm,OpenZeppelin/openzeppelin-relayer,EOA-Blockchain-Labs/ethereumonarm,2025-10-21T17:12:47.013003+00:00,0.0000522
gg24,builder,deficollective/defiscan,stake-house/wagyu-key-gen,stake-house/wagyu-key-gen,2025-10-21T17:12:47.013561+00:00,0.0000505
gg24,builder,l2beat/l2beat,verifereum/verifereum,l2beat/l2beat,2025-10-21T17:12:47.014076+00:00,0.0000522
gg24,builder,ProjectZKM/Ziren,TrueBlocks/trueblocks-core,TrueBlocks/trueblocks-core,2025-10-21T17:12:47.014585+00:00,0.0000522
gg24,builder,circuitscan/circuitscan,pcaversaccio/safe-tx-hashes-util,pcaversaccio/safe-tx-hashes-util,2025-10-21T17:12:47.015091+00:00,0.0000537
gg24,builder,openlabelsinitiative/OLI,risc0/zirgen,risc0/zirgen,2025-10-21T17:12:47.015625+00:00,0.0000499
gg24,builder,HorizenOfficial/ginger-lib,otterscan/otterscan,otterscan/otterscan,2025-10-21T17:12:47.016211+00:00,0.0000525
gg24,builder,easpulse/easpulse.com,gattaca-com/helix,gattaca-com/helix,2025-10-21T17:12:47.016720+00:00,0.0000513
gg24,builder,powdr-labs/powdr,verifereum/verifereum,powdr-labs/powdr,2025-10-21T17:12:47.017218+00:00,0.0000519
gg24,builder,Verified-zkEVM/iris-lean,paulmillr/noble-curves,paulmillr/noble-curves,2025-10-21T17:12:47.017726+00:00,0.0000522
gg24,builder,BootNodeDev/intents-framework,supranational/blst,supranational/blst,2025-10-21T17:12:47.018228+00:00,0.0000518
gg24,builder,axiom-crypto/snark-verifier,joshstevens19/rrelayer,joshstevens19/rrelayer,2025-10-21T17:12:47.018732+00:00,0.0000513
gg24,builder,beaconlabs-io/muse,rollup-fortress/uncensored,rollup-fortress/uncensored,2025-10-21T17:12:47.019244+00:00,0.0000513
gg24,builder,lambdaclass/rex,open-rpc/client-js,open-rpc/client-js,2025-10-21T17:12:47.019748+00:00,0.0000505
gg24,builder,HorizenLabs/poseidon2,wealdtech/ethdo,wealdtech/ethdo,2025-10-21T17:12:47.020247+00:00,0.0000481
gg24,builder,aestus-relay/mev-boost-relay,axiom-crypto/openvm-reth-benchmark,aestus-relay/mev-boost-relay,2025-10-21T17:12:47.020807+00:00,0.0000522
gg24,builder,holiman/goevmlab,openintentsframework/oif-solver,holiman/goevmlab,2025-10-21T17:12:47.021316+00:00,0.0000517
gg24,builder,Commit-Boost/commit-boost-client,EOA-Blockchain-Labs/ethereumonarm,EOA-Blockchain-Labs/ethereumonarm,2025-10-21T17:12:47.021816+00:00,0.0000539
gg24,builder,ChainSafe/bls,HorizenOfficial/ginger-lib,ChainSafe/bls,2025-10-21T17:12:47.022334+00:00,0.0000515
gg24,builder,flashbots/mev-boost,keep-starknet-strange/garaga,flashbots/mev-boost,2025-10-21T17:12:47.022846+00:00,0.0000544
gg24,builder,easpulse/easpulse.com,TaceoLabs/co-snarks,TaceoLabs/co-snarks,2025-10-21T17:12:47.023348+00:00,0.0000539
gg24,builder,Layr-Labs/devkit-cli,openintentsframework/oif-solver,Layr-Labs/devkit-cli,2025-10-21T17:12:47.023868+00:00,0.0000535
gg24,builder,BuidlGuidl/buidlguidl-client,wighawag/clones-with-immutable-args,wighawag/clones-with-immutable-args,2025-10-21T17:12:47.024379+00:00,0.0000529
gg24,builder,easpulse/easpulse.com,iden3/go-iden3-crypto,iden3/go-iden3-crypto,2025-10-21T17:12:47.024902+00:00,0.0000546
gg24,builder,coincashew/EthPillar,dusk-network/Poseidon252,dusk-network/Poseidon252,2025-10-21T17:12:47.025402+00:00,0.0000530
gg24,builder,arkworks-rs/r1cs-std,attestantio/dirk,arkworks-rs/r1cs-std,2025-10-21T17:12:47.025902+00:00,0.0000508
gg24,builder,blockscout/blockscout,growthepie/gtp-dna,blockscout/blockscout,2025-10-21T17:12:47.026453+00:00,0.0000517
gg24,builder,iden3/snarkjs,intellij-solidity/intellij-solidity,iden3/snarkjs,2025-10-21T17:12:47.026951+00:00,0.0000512
gg24,builder,kamikazebr/owner-sync-safe,Markeljan/web3gpt,Markeljan/web3gpt,2025-10-21T17:12:47.027450+00:00,0.0000500
gg24,builder,shamatar/poseidon_hash,smartcontracts/simple-optimism-node,smartcontracts/simple-optimism-node,2025-10-21T17:12:47.027943+00:00,0.0000507
gg24,builder,Commit-Boost/commit-boost-client,growthepie/gtp-frontend,Commit-Boost/commit-boost-client,2025-10-21T17:12:47.028444+00:00,0.0000523
gg24,builder,orbitdb/orbitdb,Rocket-Rescue-Node/rescue-ui,orbitdb/orbitdb,2025-10-21T17:12:47.028939+00:00,0.0000509
gg24,builder,NethermindEth/nine,shamatar/poseidon_hash,NethermindEth/nine,2025-10-21T17:12:47.029435+00:00,0.0000499
gg24,builder,Luganodes/Pectra-Batch-Contract,PracticalParticle/Bloxchain-Protocol,PracticalParticle/Bloxchain-Protocol,2025-10-21T17:12:47.029941+00:00,0.0000567
gg24,builder,axiom-crypto/snark-verifier,han0110/bench-hash-in-snark,axiom-crypto/snark-verifier,2025-10-21T17:12:47.030462+00:00,0.0000507
gg24,builder,growthepie/gtp-frontend,intellij-solidity/intellij-solidity,intellij-solidity/intellij-solidity,2025-10-21T17:13:03.649720+00:00,0.0000510
gg24,builder,b-wagn/hash-sig,openintentsframework/oif-solver,b-wagn/hash-sig,2025-10-21T17:13:03.650337+00:00,0.0000546
gg24,builder,iden3/snarkjs,risc0/RustCrypto-elliptic-curves,iden3/snarkjs,2025-10-21T17:13:03.650908+00:00,0.0000535
gg24,builder,0xandee/noir-playground,lambdaclass/lambdaworks,lambdaclass/lambdaworks,2025-10-21T17:13:03.651493+00:00,0.0000536
gg24,builder,PolyhedraZK/Expander,TaceoLabs/co-snarks,TaceoLabs/co-snarks,2025-10-21T17:13:03.652093+00:00,0.0000526
gg24,builder,NethermindEth/latticefold,Rocket-Rescue-Node/rescue-ui,NethermindEth/latticefold,2025-10-21T17:13:03.652667+00:00,0.0000515
gg24,builder,lambdaclass/cairo_native,opensource-observer/oso,lambdaclass/cairo_native,2025-10-21T17:13:03.653221+00:00,0.0000519
gg24,builder,ethgas-developer/ethgas-preconf-commit-boost-module,triplewz/poseidon,triplewz/poseidon,2025-10-21T17:13:03.653805+00:00,0.0000528
gg24,builder,0xFacet/facet-node,q9f/eth.rb,q9f/eth.rb,2025-10-21T17:13:03.654388+00:00,0.0000503
gg24,builder,risc0/risc0-ethereum,TaceoLabs/co-snarks,risc0/risc0-ethereum,2025-10-21T17:13:03.654939+00:00,0.0000532
gg24,builder,3loop/loop-decoder,tlsnotary/tlsn,3loop/loop-decoder,2025-10-21T17:13:03.655497+00:00,0.0000506
gg24,builder,Blobscan/blobscan,taikoxyz/raiko,taikoxyz/raiko,2025-10-21T17:13:03.656043+00:00,0.0000525
gg24,builder,NethermindEth/sedge,Verified-zkEVM/ArkLib,NethermindEth/sedge,2025-10-21T17:13:03.656605+00:00,0.0000517
gg24,builder,dusk-network/Poseidon252,ethlimo/dweb-proxy-api,dusk-network/Poseidon252,2025-10-21T17:13:03.657154+00:00,0.0000525
gg24,builder,iden3/circomlib,wealdtech/ethereal,iden3/circomlib,2025-10-21T17:13:03.657740+00:00,0.0000489
gg24,builder,flashbots/mev-boost-relay,indutny/elliptic,flashbots/mev-boost-relay,2025-10-21T17:13:03.658277+00:00,0.0000514
gg24,builder,smartcontracts/simple-optimism-node,TrueBlocks/trueblocks-core,TrueBlocks/trueblocks-core,2025-10-21T17:13:03.658828+00:00,0.0000515
gg24,builder,blockblaz/zeam,ethstaker/ethstaker-deposit-cli,blockblaz/zeam,2025-10-21T17:13:03.659373+00:00,0.0000511
gg24,builder,l2beat/l2beat,NethermindEth/juno,l2beat/l2beat,2025-10-21T17:13:03.659909+00:00,0.0000516
gg24,builder,HorizenLabs/poseidon2,iggy-social/iggy-social-frontend,HorizenLabs/poseidon2,2025-10-21T17:13:03.660445+00:00,0.0000507
gg24,builder,ephemery-testnet/ephemery-genesis,witnet/elliptic-curve-solidity,witnet/elliptic-curve-solidity,2025-10-21T17:13:03.660980+00:00,0.0000516
gg24,builder,0xPolygonHermez/zisk-eth-client,ethaccount/SAManager,ethaccount/SAManager,2025-10-21T17:13:03.661765+00:00,0.0000508
gg24,builder,DefiLlama/DefiLlama-Adapters,q9f/eth.rb,DefiLlama/DefiLlama-Adapters,2025-10-21T17:13:03.662577+00:00,0.0000521
gg24,builder,brevis-network/Pico-zkCoprocessor,DexKit/dexkit-monorepo,DexKit/dexkit-monorepo,2025-10-21T17:13:03.663162+00:00,0.0000509
gg24,builder,arnaucube/poseidon-rs,ChainSafe/bls,ChainSafe/bls,2025-10-21T17:13:03.663737+00:00,0.0000505
gg24,builder,ReamLabs/ream,TrueBlocks/trueblocks-core,TrueBlocks/trueblocks-core,2025-10-21T17:13:03.664287+00:00,0.0000503
gg24,builder,succinctlabs/op-succinct,triplewz/poseidon,succinctlabs/op-succinct,2025-10-21T17:13:03.664839+00:00,0.0000514
gg24,builder,ethaccount/SAManager,openvm-org/openvm,openvm-org/openvm,2025-10-21T17:13:03.665388+00:00,0.0000512
gg24,builder,3loop/loop-decoder,ethui/ethui,ethui/ethui,2025-10-21T17:13:03.665929+00:00,0.0000498
gg24,builder,arkworks-rs/r1cs-std,libp2p/libp2p,libp2p/libp2p,2025-10-21T17:13:03.666502+00:00,0.0000530
gg24,builder,flashbots/rbuilder,matter-labs/solx,flashbots/rbuilder,2025-10-21T17:13:03.667034+00:00,0.0000511
gg24,builder,0xandee/noir-playground,ingonyama-zk/poseidon-hash,ingonyama-zk/poseidon-hash,2025-10-21T17:13:03.667585+00:00,0.0000530
gg24,builder,edb-rs/edb,protofire/solhint,protofire/solhint,2025-10-21T17:13:03.668122+00:00,0.0000510
gg24,builder,easpulse/easpulse.com,lambdaclass/lambdaworks,lambdaclass/lambdaworks,2025-10-21T17:13:03.668672+00:00,0.0000551
gg24,builder,0xPolygonHermez/zisk-eth-client,brevis-network/Pico-zkCoprocessor,0xPolygonHermez/zisk-eth-client,2025-10-21T17:13:03.669208+00:00,0.0000511
gg24,builder,openvm-org/openvm,succinctlabs/rsp,openvm-org/openvm,2025-10-21T17:13:03.669753+00:00,0.0000519
gg24,builder,protofire/solhint,succinctlabs/rsp,protofire/solhint,2025-10-21T17:13:03.670300+00:00,0.0000517
gg24,builder,Verified-zkEVM/iris-lean,flashbots/mev-boost,flashbots/mev-boost,2025-10-21T17:13:03.670845+00:00,0.0000530
gg24,builder,Verified-zkEVM/iris-lean,axiom-crypto/halo2-lib,axiom-crypto/halo2-lib,2025-10-21T17:13:03.671393+00:00,0.0000520
gg24,builder,growthepie/gtp-dna,tlsnotary/tlsn,tlsnotary/tlsn,2025-10-21T17:13:03.671924+00:00,0.0000504
gg24,builder,axiom-crypto/halo2-lib,growthepie/gtp-frontend,axiom-crypto/halo2-lib,2025-10-21T17:13:03.672462+00:00,0.0000508
gg24,builder,matter-labs/solx,succinctlabs/network,matter-labs/solx,2025-10-21T17:13:03.673000+00:00,0.0000523
gg24,builder,evmts/krome,ephemery-testnet/ephemery-genesis,evmts/krome,2025-10-21T17:13:03.673544+00:00,0.0000514
gg24,builder,flashbots/mev-boost,simplito/elliptic-php,flashbots/mev-boost,2025-10-21T17:13:03.674076+00:00,0.0000546
gg24,builder,herumi/bls,riscv/sail-riscv,riscv/sail-riscv,2025-10-21T17:13:03.674624+00:00,0.0000488
gg24,builder,b-wagn/hash-sig,witnet/elliptic-curve-solidity,witnet/elliptic-curve-solidity,2025-10-21T17:13:03.675171+00:00,0.0000537
gg24,builder,pcaversaccio/snekmate,qdrvm/qlean-mini,pcaversaccio/snekmate,2025-10-21T17:13:03.675793+00:00,0.0000529
gg24,builder,axiom-crypto/axiom-api-cli,ponkila/HomestakerOS,ponkila/HomestakerOS,2025-10-21T17:13:03.676374+00:00,0.0000517
gg24,builder,ethui/ethui,l2beat/l2beat,l2beat/l2beat,2025-10-21T17:13:03.676906+00:00,0.0000508
gg24,builder,0xFacet/facet-node,Certora/CertoraProver,Certora/CertoraProver,2025-10-21T17:13:03.677448+00:00,0.0000520
gg24,builder,coincashew/EthPillar,verifereum/verifereum,coincashew/EthPillar,2025-10-21T17:13:07.271313+00:00,0.0000520
gg24,builder,dappnode/DAppNode,growthepie/gtp-backend,dappnode/DAppNode,2025-10-21T17:13:07.514454+00:00,0.0000514
gg24,builder,risc0/RustCrypto-elliptic-curves,Verified-zkEVM/ArkLib,Verified-zkEVM/ArkLib,2025-10-21T17:13:07.515000+00:00,0.0000537
gg24,builder,han0110/plonkish,risc0/RustCrypto-elliptic-curves,han0110/plonkish,2025-10-21T17:13:07.515541+00:00,0.0000529
gg24,builder,ChainSafe/bls,manojkgorle/brainfuckvm,ChainSafe/bls,2025-10-21T17:13:07.516066+00:00,0.0000515
gg24,builder,enscribexyz/enscribe,ProjectZKM/zkm-prover,ProjectZKM/zkm-prover,2025-10-21T17:13:07.516580+00:00,0.0000498
gg24,builder,paulmillr/noble-curves,stake-house/eth-wizard,paulmillr/noble-curves,2025-10-21T17:13:07.517087+00:00,0.0000508
gg24,builder,0xandee/noir-playground,herumi/mcl,herumi/mcl,2025-10-21T17:13:07.517599+00:00,0.0000507
gg24,builder,boundless-xyz/steel,Pier-Two/Lantern.Discv5,boundless-xyz/steel,2025-10-21T17:13:07.518104+00:00,0.0000512
gg24,builder,intellij-solidity/intellij-solidity,openintentsframework/oif-contracts,intellij-solidity/intellij-solidity,2025-10-21T17:13:07.518613+00:00,0.0000525
gg24,builder,LFDT-web3j/web3j,sumitvekariya/sol2seq,LFDT-web3j/web3j,2025-10-21T17:13:07.519114+00:00,0.0000527
gg24,builder,beaconlabs-io/muse,lovesh/bulletproofs-r1cs-gadgets,lovesh/bulletproofs-r1cs-gadgets,2025-10-21T17:13:07.519617+00:00,0.0000533
gg24,builder,ingonyama-zk/poseidon-hash,TrueBlocks/trueblocks-core,TrueBlocks/trueblocks-core,2025-10-21T17:13:07.520117+00:00,0.0000526
gg24,builder,0xPolygonHermez/pil2-proofman,ProjectZKM/zkm-prover,ProjectZKM/zkm-prover,2025-10-21T17:13:07.520623+00:00,0.0000517
gg24,builder,dewdrip/eth-mobile,ithacaxyz/account,ithacaxyz/account,2025-10-21T17:13:07.521127+00:00,0.0000501
gg24,builder,evmts/tevm-monorepo,wighawag/hardhat-deploy,wighawag/hardhat-deploy,2025-10-21T17:13:07.521620+00:00,0.0000522
gg24,builder,blockblaz/zeam,migalabs/goteth,blockblaz/zeam,2025-10-21T17:13:07.522109+00:00,0.0000510
gg24,builder,brevis-network/Pico-zkCoprocessor,openintentsframework/oif-contracts,openintentsframework/oif-contracts,2025-10-21T17:13:07.522620+00:00,0.0000523
gg24,builder,ChainSafe/bls,dl-solarity/solidity-lib,dl-solarity/solidity-lib,2025-10-21T17:13:07.523137+00:00,0.0000509
gg24,builder,ethereum/py_ecc,Pier-Two/Lantern.Discv5,ethereum/py_ecc,2025-10-21T17:13:07.523650+00:00,0.0000522
gg24,builder,0xPolygonHermez/pil2-proofman,valida-xyz/valida,valida-xyz/valida,2025-10-21T17:13:07.524143+00:00,0.0000521
gg24,builder,Consensys/gnark-crypto,smartcontracts/simple-optimism-node,Consensys/gnark-crypto,2025-10-21T17:13:07.524650+00:00,0.0000556
gg24,builder,brevis-network/Pico-zkCoprocessor,flashbots/rbuilder,flashbots/rbuilder,2025-10-21T17:13:07.525145+00:00,0.0000518
gg24,builder,0xFacet/facet-node,circuitscan/circuitscan,0xFacet/facet-node,2025-10-21T17:13:07.525648+00:00,0.0000485
gg24,builder,growthepie/gtp-backend,pcaversaccio/snekmate,pcaversaccio/snekmate,2025-10-21T17:13:07.526152+00:00,0.0000534
gg24,builder,Commit-Boost/commit-boost-client,migalabs/armiarma,Commit-Boost/commit-boost-client,2025-10-21T17:13:07.526659+00:00,0.0000542
gg24,builder,han0110/plonkish,Pier-Two/Lantern.Discv5,han0110/plonkish,2025-10-21T17:13:07.527155+00:00,0.0000509
gg24,builder,ethereum-attestation-service/eas-contracts,TrueBlocks/trueblocks-core,TrueBlocks/trueblocks-core,2025-10-21T17:13:07.527660+00:00,0.0000519
gg24,builder,ethaccount/SAManager,OpenZeppelin/openzeppelin-relayer,OpenZeppelin/openzeppelin-relayer,2025-10-21T17:13:07.528156+00:00,0.0000506
gg24,builder,lighthouse-web3/lighthouse-package,ponkila/HomestakerOS,lighthouse-web3/lighthouse-package,2025-10-21T17:13:07.528692+00:00,0.0000516
gg24,builder,lighthouse-web3/lighthouse-package,otterscan/otterscan,otterscan/otterscan,2025-10-21T17:13:07.529186+00:00,0.0000520
gg24,builder,DexKit/dexkit-monorepo,lambdaclass/rex,lambdaclass/rex,2025-10-21T17:13:07.529701+00:00,0.0000502
gg24,builder,ingonyama-zk/poseidon-hash,kamikazebr/owner-sync-safe,ingonyama-zk/poseidon-hash,2025-10-21T17:13:07.530193+00:00,0.0000518
gg24,builder,keep-starknet-strange/poseidon-rs,Layr-Labs/devkit-cli,keep-starknet-strange/poseidon-rs,2025-10-21T17:13:07.530703+00:00,0.0000530
gg24,builder,ethui/ethui,tlsnotary/tlsn,tlsnotary/tlsn,2025-10-21T17:13:07.531194+00:00,0.0000493
gg24,builder,ReamLabs/ream,Verified-zkEVM/ArkLib,Verified-zkEVM/ArkLib,2025-10-21T17:13:07.531696+00:00,0.0000505
gg24,builder,lambdaclass/cairo_native,wealdtech/ethdo,wealdtech/ethdo,2025-10-21T17:13:07.532190+00:00,0.0000512
gg24,builder,lambdaclass/lambdaworks,risc0/zirgen,lambdaclass/lambdaworks,2025-10-21T17:13:07.532695+00:00,0.0000529
gg24,builder,arkworks-rs/r1cs-std,lurk-lab/neptune-triton,arkworks-rs/r1cs-std,2025-10-21T17:13:07.533186+00:00,0.0000535
gg24,builder,ephemery-testnet/ephemery-genesis,lovesh/bulletproofs-r1cs-gadgets,lovesh/bulletproofs-r1cs-gadgets,2025-10-21T17:13:07.533692+00:00,0.0000536
gg24,builder,ethstaker/ethstaker-deposit-cli,growthepie/gtp-frontend,ethstaker/ethstaker-deposit-cli,2025-10-21T17:13:07.534190+00:00,0.0000514
gg24,builder,smartcontracts/simple-optimism-node,stake-house/eth-wizard,smartcontracts/simple-optimism-node,2025-10-21T17:13:07.534691+00:00,0.0000511
gg24,builder,ethereum/js-ethereum-cryptography,NethermindEth/sedge,ethereum/js-ethereum-cryptography,2025-10-21T17:13:07.535184+00:00,0.0000521
gg24,builder,DexKit/dexkit-monorepo,ithacaxyz/porto,ithacaxyz/porto,2025-10-21T17:13:07.535692+00:00,0.0000504
gg24,builder,dappnode/DAppNode,Recon-Fuzz/recon-extension,dappnode/DAppNode,2025-10-21T17:13:07.536183+00:00,0.0000549
gg24,builder,ethaccount/SAManager,orbitdb/orbitdb,orbitdb/orbitdb,2025-10-21T17:13:07.536676+00:00,0.0000504
